<?xml version="1.0" encoding="UTF-8" standalone="yes"?>
<addon id="repository.xunitytalk" name=".[COLOR blue]X[/COLOR]unity[COLOR blue]T[/COLOR]alk Repository" version="1.0.8" provider-name=".[COLOR blue]X[/COLOR]unity[COLOR blue]T[/COLOR]alk">
    <extension point="xbmc.addon.repository" name="Mikey1234 Addon Repository">
        <!-- প্রধান XML ফাইল -->
        <info compressed="false">
            https://raw.githubusercontent.com/Habib4326/Kodi_Plyalist/refs/heads/main/Main-Directory/English-Movies.xml
            https://raw.githubusercontent.com/Habib4326/Kodi_Plyalist/refs/heads/main/Main-Directory/Dubbed-Movies.xml
            https://raw.githubusercontent.com/Habib4326/Kodi_Plyalist/refs/heads/main/Main-Directory/Hindi-Movies.xml
            https://raw.githubusercontent.com/Habib4326/Kodi_Plyalist/refs/heads/main/Main-Directory/adults%20-videos.xml
        </info>
        
        <!-- চেকসাম (যদি প্রয়োজন হয়) -->
        <checksum>
            https://raw.githubusercontent.com/Habib4326/Kodi_Plyalist/refs/heads/main/Main-Directory/English-Movies.xml.md5
            https://raw.githubusercontent.com/Habib4326/Kodi_Plyalist/refs/heads/main/Main-Directory/Dubbed-Movies.xml.md5
            https://raw.githubusercontent.com/Habib4326/Kodi_Plyalist/refs/heads/main/Main-Directory/Hindi-Movies.xml.md5
            https://raw.githubusercontent.com/Habib4326/Kodi_Plyalist/refs/heads/main/Main-Directory/adults%20-videos.xml.md5
        </checksum>
        
        <!-- GitHub রিপোজিটরি থেকে অ্যাডঅন ফাইলগুলির URL -->
        <datadir zip="true">https://raw.githubusercontent.com/Habib4326/Kodi_Playlist/main/Main-Directory</datadir>
    </extension>
    
    <extension point="xbmc.addon.metadata">
        <summary>The Best Third Party Addons for XBMC, .[COLOR blue]X[/COLOR]unity[COLOR blue]T[/COLOR]alk</summary>
        <description>The Best Third Party Addons for XBMC, .[COLOR blue]X[/COLOR]unity[COLOR blue]T[/COLOR]alk</description>
        <platform>all</platform>
    </extension>
</addon>
