<tvshows>
    <tvshow>
        <title>Squid Game</title>
        <thumb>https://media.themoviedb.org/t/p/w260_and_h390_bestv2/6LUA7gCSABj4OA8vPZfwaWkbXZr.jpg</thumb>
        <fanart>https://images.thedirect.com/media/article_full/squid-game-season-3-release.jpg?imgeng=/cmpr_60/w_900</fanart>
        <episodes>
            <episode>
                <title>Squid game 3</title>
                <season>3</season>
                <episode>1</episode>
                <link>http://10.16.100.214/iccftps14/iccftps14sasd5/Tv%20Show/Serials%20(Dual%20Audio)/Squid%20Game%20(Ojing%20eo%20geim)%20Season%2003%20(2025)%20(Hindi%20&amp;%20Korean)%20Completed/Squid%20Game%20(Ojing%20eo%20geim)%20S03E01.mp4</link>
                <thumb>http://10.16.100.244/files/squid_game__ojing_eo_geim__season_03__2025___hindi___korean__completed.jpg</thumb>
                <fanart>https://images.thedirect.com/media/article_full/squid-game-season-3-release.jpg?imgeng=/cmpr_60/w_900</fanart>
            </episode>
            <episode>
                <title>Squid game 3</title>
                <season>3</season>
                <episode>2</episode>
                <link>http://10.16.100.214/iccftps14/iccftps14sasd5/Tv%20Show/Serials%20(Dual%20Audio)/Squid%20Game%20(Ojing%20eo%20geim)%20Season%2003%20(2025)%20(Hindi%20&amp;%20Korean)%20Completed/Squid%20Game%20(Ojing%20eo%20geim)%20S03E02.mp4</link>
                <thumb>http://10.16.100.244/files/squid_game__ojing_eo_geim__season_03__2025___hindi___korean__completed.jpg</thumb>
                <fanart>https://images.thedirect.com/media/article_full/squid-game-season-3-release.jpg?imgeng=/cmpr_60/w_900</fanart>
            </episode>
        </episodes>
    </tvshow>
</tvshows>
