<poster>XBMC SUPPORTED COLORS AND HEX CODES</poster>
<fanart></fanart>

#COLORS FOR XBMC, NOT LIMITED TO JUST THESE.  JUST NEED HEX CODE!
<info>
<message>[COLOR aliceblue]name="aliceblue" hex=fff0f8ff[/COLOR]</message>
<message>[COLOR antiquewhite]name="antiquewhite" hex=fffaebd7[/COLOR]</message>
<message>[COLOR aqua]name="aqua" hex=ff00ffff[/COLOR] </message>
<message>[COLOR azure]name="azure" hex=fff0ffff[/COLOR] </message>
<message>[COLOR bisque]name="bisque" hex=ffffe4c4[/COLOR] </message>
<message>[COLOR black]name="black" hex=ff000000[/COLOR]</message>
<message>[COLOR blanchedalmond]name="blanchedalmond" hex=ffffebcd[/COLOR]</message>
<message>[COLOR blue]name="blue" hex=ff0000ff[/COLOR]</message>
<message>[COLOR blueviolet]name="blueviolet" hex=ff8a2be2[/COLOR]</message>
<message>[COLOR brown]name="brown" hex=ffa52a2a[/COLOR]</message>
<message>[COLOR burlywood]name="burlywood" hex=ffdeb887[/COLOR]</message>
<message>[COLOR cadetblue]name="cadetblue" hex=ff5f9ea0[/COLOR]</message>
<message>[COLOR chartreuse]name="chartreuse" hex=ff7fff00[/COLOR]</message>
<message>[COLOR chocolate]name="chocolate" hex=ffd2691e[/COLOR]</message>
<message>[COLOR coral]name="coral" hex=ffff7f50[/COLOR]</message>
<message>[COLOR cornflowerblue]name="cornflowerblue" hex=ff6495ed[/COLOR]</message>
<message>[COLOR cornsilk]name="cornsilk" hex=fffff8dc[/COLOR]</message>
<message>[COLOR crimson]name="crimson" hex=ffdc143c[/COLOR]</message>
<message>[COLOR cyan]name="cyan" hex=ff00ffff[/COLOR]</message>
<message>[COLOR darkblue]name="darkblue" hex=ff00008b[/COLOR]</message>
<message>[COLOR darkcyan]name="darkcyan" hex=ff008b8b[/COLOR]</message>
<message>[COLOR darkgoldenrod]name="darkgoldenrod" hex=ffb8860b[/COLOR]</message>
<message>[COLOR darkgray]name="darkgray" hex=ffa9a9a9[/COLOR]</message>
<message>[COLOR darkgreen]name="darkgreen" hex=ff006400[/COLOR]</message>
<message>[COLOR darkkhaki]name="darkkhaki" hex=ffbdb76b[/COLOR]</message>
<message>[COLOR darkmagenta]name="darkmagenta" hex=ff8b008b[/COLOR]</message>
<message>[COLOR darkolivegreen]name="darkolivegreen" hex=ff556b2f[/COLOR]</message>
<message>[COLOR darkorange]name="darkorange" hex=ffff8c00[/COLOR]</message>
<message>[COLOR darkorchid]name="darkorchid" hex=ff9932cc[/COLOR]</message>
<message>[COLOR darkred]name="darkred" hex=ff8b0000[/COLOR]</message>
<message>[COLOR darksalmon]name="darksalmon" hex=ffe9967a[/COLOR]</message>
<message>[COLOR darkseagreen]name="darkseagreen" hex=ff8fbc8f[/COLOR]</message>
<message>[COLOR darkslateblue]name="darkslateblue" hex=ff483d8b[/COLOR]</message>
<message>[COLOR darkslategray]name="darkslategray" hex=ff2f4f4f[/COLOR]</message>
<message>[COLOR darkturquoise]name="darkturquoise" hex=ff00ced1[/COLOR]</message>
<message>[COLOR darkviolet]name="darkviolet" hex=ff9400d3[/COLOR]</message>
<message>[COLOR deeppink]name="deeppink" hex=ffff1493[/COLOR]</message>
<message>[COLOR deepskyblue]name="deepskyblue" hex=ff00bfff[/COLOR]</message>
<message>[COLOR dimgray]name="dimgray" hex=ff696969[/COLOR]</message>
<message>[COLOR dodgerblue]name="dodgerblue" hex=ff1e90ff[/COLOR]</message>
<message>[COLOR firebrick]name="firebrick" hex=ffb22222[/COLOR]]</message>
<message>[COLOR floralwhite]name="floralwhite" hex=fffffaf0[/COLOR]</message>
<message>[COLOR forestgreen]name="forestgreen" hex=ff228b22[/COLOR]</message>
<message>[COLOR fuchsia]name="fuchsia" hex=ffff00ff[/COLOR]]</message>
<message>[COLOR gainsboro]name="gainsboro" hex=ffdcdcdc[/COLOR]]</message>
<message>[COLOR ghostwhite]name="ghostwhite" hex=fff8f8ff[/COLOR]</message>
<message>[COLOR gold]name="gold" hex=ffffd700[/COLOR]]</message>
<message>[COLOR goldenrod]name="goldenrod" hex=ffdaa520[/COLOR]</message>
<message>[COLOR gray]name="gray" hex=ff808080[/COLOR]]</message>
<message>[COLOR green]name="green" hex=ff008000[/COLOR]]</message>
<message>[COLOR greenyellow]name="greenyellow" hex=ffadff2f[/COLOR]</message>
<message>[COLOR honeydew]name="honeydew" hex=fff0fff0[/COLOR]</message>
<message>[COLOR hotpink]name="hotpink" hex=ffff69b4[/COLOR]</message>
<message>[COLOR indianred]name="indianred" hex=ffcd5c5c[/COLOR]</message>
<message>[COLOR indigo]name="indigo" hex=ff4b0082[/COLOR]</message>
<message>[COLOR ivory]name="ivory" hex=fffffff0[/COLOR]</message>
<message>[COLOR khaki]name="khaki" hex=fff0e68c[/COLOR]</message>
<message>[COLOR lavender]name="lavender" hex=ffe6e6fa[/COLOR]</message>
<message>[COLOR lavenderblush]name="lavenderblush" hex=fffff0f5[/COLOR]</message>
<message>[COLOR lawngreen]name="lawngreen" hex=ff7cfc00[/COLOR]</message>
<message>[COLOR lenonchiffon]name="lemonchiffon" hex=fffffacd[/COLOR]</message>
<message>[COLOR lightblue]name="lightblue" hex=ffadd8e6[/COLOR]</message>
<message>[COLOR lightcoral]name="lightcoral" hex=fff08080[/COLOR]</message>
<message>[COLOR lightcyan]name="lightcyan" hex=ffe0ffff[/COLOR]</message>
<message>[COLOR lightgoldenrodyellow]name="lightgoldenrodyellow" hex=fffafad2[/COLOR]</message>
<message>[COLOR lightgrey]name="lightgrey" hex=ffd3d3d3[/COLOR]</message>
<message>[COLOR lightgreen]name="lightgreen" hex=ff90ee90[/COLOR]</message>
<message>[COLOR lightpink]name="lightpink" hex=ffffb6c1[/COLOR]</message>
<message>[COLOR lightsalmon]name="lightsalmon" hex=ffffa07a[/COLOR]</message>
<message>[COLOR lightseagreen]name="lightseagreen" hex=ff20b2aa[/COLOR]</message>
<message>[COLOR lightskyblue]name="lightskyblue" hex=ff87cefa[/COLOR]</message>
<message>[COLOR lightslategray]name="lightslategray" hex=ff778899[/COLOR]</message>
<message>[COLOR lightsteelblue]name="lightsteelblue" hex=ffb0c4de[/COLOR]</message>
<message>[COLOR lightyellow]name="lightyellow" hex=ffffffe0[/COLOR]</message>
<message>[COLOR lime]name="lime" hex=ff00ff00[/COLOR]</message>
<message>[COLOR limegreen]name="limegreen" hex=ff32cd32[/COLOR]</message>
<message>[COLOR linen]name="linen" hex=fffaf0e6[/COLOR]</message>
<message>[COLOR magenta]name="magenta" hex=ffff00ff[/COLOR]</message>
<message>[COLOR maroon]name="maroon" hex=ff800000[/COLOR]</message>
<message>[COLOR mediumaquamarine]name="mediumaquamarine" hex=ff66cdaa[/COLOR]</message>
<message>[COLOR mediumblue]name="mediumblue" hex=ff0000cd[/COLOR]</message>
<message>[COLOR mediumorchid]name="mediumorchid" hex=ffba55d3[/COLOR]</message>
<message>[COLOR mediumpurple]name="mediumpurple" hex=ff9370d8[/COLOR]</message>
<message>[COLOR mediumseagreen]name="mediumseagreen" hex=ff3cb371[/COLOR]</message>
<message>[COLOR mediumslateblue]name="mediumslateblue" hex=ff7b68ee[/COLOR]</message>
<message>[COLOR mediumspringgreen]name="mediumspringgreen" hex=ff00fa9a[/COLOR]</message>
<message>[COLOR mediumturquoise]name="mediumturquoise" hex=ff48d1cc[/COLOR]</message>
<message>[COLOR mediumvioletred]name="mediumvioletred" hex=ffc71585[/COLOR]</message>
<message>[COLOR midnightblue]name="midnightblue" hex=ff191970[/COLOR]</message>
<message>[COLOR mintcream]name="mintcream" hex=fff5fffa[/COLOR]</message>
<message>[COLOR mistyrose]name="mistyrose" hex=ffffe4e1[/COLOR]</message>
<message>[COLOR moccasin]name="moccasin" hex=ffffe4b5[/COLOR]]</message>
<message>[COLOR navajowhite]name="navajowhite" hex=ffffdead[/COLOR]</message>
<message>[COLOR navy]name="navy" hex=ff000080[/COLOR]</message>
<message>[COLOR none]name="none" hex=00000000[/COLOR]</message>
<message>[COLOR oldlace]name="oldlace" hex=fffdf5e6[/COLOR]</message>
<message>[COLOR olive]name="olive" hex=ff808000[/COLOR]</message>
<message>[COLOR olivedrab]name="olivedrab" hex=ff6b8e23[/COLOR]</message>
<message>[COLOR orange]name="orange" hex=ffffa500[/COLOR]</message>
<message>[COLOR orangered]name="orangered" hex=ffff4500[/COLOR]</message>
<message>[COLOR orchid]name="orchid" hex=ffda70d6[/COLOR]</message>
<message>[COLOR palengoldenrod]name="palegoldenrod" hex=ffeee8aa[/COLOR]</message>
<message>[COLOR palegreen]name="palegreen" hex=ff98fb98[/COLOR]</message>
<message>[COLOR paleturquoise]name="paleturquoise" hex=ffafeeee[/COLOR]</message>
<message>[COLOR palevioletred]name="palevioletred" hex=ffd87093[/COLOR]</message>
<message>[COLOR papayawhip]name="papayawhip" hex=ffffefd5[/COLOR]</message>
<message>[COLOR peachpuff]name="peachpuff" hex=ffffdab9[/COLOR]</message>
<message>[COLOR peru]name="peru" hex=ffcd853f[/COLOR]</message>
<message>[COLOR pink]name="pink" hex=ffffc0cb[/COLOR]</message>
<message>[COLOR plum]name="plum" hex=ffdda0dd[/COLOR]</message>
<message>[COLOR powderblue]name="powderblue" hex=ffb0e0e6[/COLOR]</message>
<message>[COLOR purple]name="purple" hex=ff800080[/COLOR]</message>
<message>[COLOR red]name="red" hex=ffff0000[/COLOR]</message>
<message>[COLOR rosybrown]name="rosybrown" hex=ffbc8f8f[/COLOR]</message>
<message>[COLOR royalblue]name="royalblue" hex=ff4169e1[/COLOR]</message>
<message>[COLOR saddlebrown]name="saddlebrown" hex=ff8b4513[/COLOR]</message>
<message>[COLOR salmon]name="salmon" hex=fffa8072[/COLOR]</message>
<message>[COLOR sandybrown]name="sandybrown" hex=fff4a460[/COLOR]</message>
<message>[COLOR seagreen]name="seagreen" hex=ff2e8b57[/COLOR]</message>
<message>[COLOR seashell]name="seashell" hex=fffff5ee[/COLOR]</message>
<message>[COLOR sienna]name="sienna" hex=ffa0522d[/COLOR]</message>
<message>[COLOR silver]name="silver" hex=ffc0c0c0[/COLOR]</message>
<message>[COLOR skyblue]name="skyblue" hex=ff87ceeb[/COLOR]</message>
<message>[COLOR slateblue]name="slateblue" hex=ff6a5acd[/COLOR]</message>
<message>[COLOR slategray]name="slategray" hex=ff708090[/COLOR]</message>
<message>[COLOR snow]name="snow" hex=fffffafa[/COLOR]</message>
<message>[COLOR springgreen]name="springgreen" hex=ff00ff7f[/COLOR]</message>
<message>[COLOR steelblue]name="steelblue" hex=ff4682b4[/COLOR]</message>
<message>[COLOR tan]name="tan" hex=ffd2b48c[/COLOR]</message>
<message>[COLOR teal]name="teal" hex=ff008080[/COLOR]</message>
<message>[COLOR thistle]name="thistle" hex=ffd8bfd8[/COLOR]</message>
<message>[COLOR tomato]name="tomato" hex=ffff6347[/COLOR]</message>
<message>[COLOR turquoise]name="turquoise" hex=ff40e0d0[/COLOR]</message>
<message>[COLOR violet]name="violet" hex=ffee82ee[/COLOR]</message>
<message>[COLOR wheat]name="wheat" hex=fff5deb3[/COLOR]</message>
<message>[COLOR white]name="white" hex=ffffffff[/COLOR]</message>
<message>[COLOR whitesmoke]name="whitesmoke" hex=fff5f5f5[/COLOR]</message>
<message>[COLOR yellow]name="yellow" hex=ffffff00[/COLOR]</message>
<message>[COLOR yellowgreen]name="yellowgreen" hex=ff9acd32[/COLOR]</message>
</info>
