<?xml version="1.0" encoding="UTF-8"?>
<movies>
    <movie>
        <title>Cosplay Model Takes Cock Dressed As Robin</title>
        <link>https://d7.vstor.top/whpvid/1750677751/IJmPRCN7ytlHaBey6SHYqg/19000/19890/19890_1080p.mp4</link>
        <fanart>https://pic.pornky.com/contents/videos_screenshots/19000/19890/600x338/13.jpg</fanart>
    </movie>

    <movie>
        <title>Huge Fake Boobs Blonde Wants To Have Sex With This Masseur</title>
        <link>https://d3.vstor.top/whpvid/1750677680/uJS3Bm0TeUWiysTHw9Jm4Q/19000/19894/19894_1080p.mp4</link>
        <fanart>https://pic.pornky.com/contents/videos_screenshots/19000/19894/600x338/13.jpg</fanart>
    </movie>
</movies>
