<?xml version="1.0" encoding="UTF-8"?>
<movies>
     <movie>
    <title>Sardar Udham</title>
    <year>2021</year>
    <genre>Crime, Drama, History</genre>
    <link>http://10.16.100.202/ftps10/iccftps10sasd1/Movies/Hindi/Sardar%20Udham%20(Sadar%20Udham)%20(2021)%201080p%20WEBDL.mp4</link>
    <thumbnail>https://image.tmdb.org/t/p/w500/lAyDLZAVjslmtPC0EW5OSh0BMYA.jpg</thumbnail>
    <fanart>https://image.tmdb.org/t/p/original/oZftUn6yOt61LItXE4zPOz4rca9.jpg</fanart>
    <plot>A young Sardar Udham Singh left deeply scarred by the Jallianwala Bagh massacre, escaped into the mountains of Afghanistan, reaching London in 1933-34. Carrying an unhealed wound for 21 years, the revolutionary assassinated Michael O’Dwyer on 13th March, 1940, the man at the helm of affairs in Punjab, April 1919 to avenge the lost lives of his beloved brethren.</plot>
  </movie>

  <movie>
    <title>Sarkar Raj</title>
    <year>2008</year>
    <genre>Action, Adventure, Crime, Drama</genre>
    <link>http://10.16.100.202/ftps10/iccftps10sasd1/Movies/Hindi/Sarkar%20Raj%20(2008)%201080p%20BluRay.mp4</link>
    <thumbnail>https://image.tmdb.org/t/p/w500/1ptl9Dq51jXpUNotg6CwHWZxoaK.jpg</thumbnail>
    <fanart>https://image.tmdb.org/t/p/original/9FwZCAZM6OnXldSoqNXCYmwBHdD.jpg</fanart>
    <plot>When Anita Raja, CEO of Sheppard power plant, brings a power plant proposal to set up in rural Mahrashtra before the Nagres, insightful Shankar is quick to realise the benefits the power plant can bring to the people.</plot>
  </movie>

  <movie>
    <title>Sooper Se Ooper</title>
    <year>2013</year>
    <genre>Comedy</genre>
    <link>http://10.16.100.202/ftps10/iccftps10sasd1/Movies/Hindi/Sooper%20Se%20Ooper%20(2013)%201080p%20WEBDL.mp4</link>
    <thumbnail>https://image.tmdb.org/t/p/w500/35b8k3SxmDGV45VQtww9Ha3PJX4.jpg</thumbnail>
    <fanart>https://image.tmdb.org/t/p/original/1Cs0h30V8qc7ewR1MSyKduEdjp5.jpg</fanart>
    <plot>A city guy goes to rural Rajasthan to look for his uncle.</plot>
  </movie>

  <movie>
    <title>Student Of The Year</title>
    <year>2012</year>
    <genre>Comedy, Drama, Romance</genre>
    <link>http://10.16.100.202/ftps10/iccftps10sasd1/Movies/Hindi/Student%20of%20the%20Year%20(2012)%201080p%20BluRay.mp4</link>
    <thumbnail>https://image.tmdb.org/t/p/w500/yAhfRGZx7nOAZkrm90pqaAjakdH.jpg</thumbnail>
    <fanart>https://image.tmdb.org/t/p/original/91a2VC6YSEawfxPEIqsmJOfah89.jpg</fanart>
    <plot>Several alumni reminisce about their final year at St. Theresa's College and the events that shaped their lives.</plot>
  </movie>

  <movie>
    <title>Thackeray</title>
    <year>2019</year>
    <genre>Drama, History</genre>
    <link>http://10.16.100.202/ftps10/iccftps10sasd1/Movies/Hindi/Thackeray%20(2019)%20720p%20BluRay.mp4</link>
    <thumbnail>https://image.tmdb.org/t/p/w500/yfjEuYlASO9xoT8nLp8pVqKCtZN.jpg</thumbnail>
    <fanart>https://image.tmdb.org/t/p/original/oJwXS3kl3eWU7thx9IbilRgpCUg.jpg</fanart>
    <plot>Based on the life of Keshav Thackeray, an Indian politician who is also known as Balasaheb Thackeray.</plot>
  </movie>

  <movie>
    <title>The Vaccine War</title>
    <year>2023</year>
    <genre>Drama, Thriller</genre>
    <link>http://10.16.100.202/ftps10/iccftps10sasd1/Movies/Hindi/The%20Vaccine%20War%20(2023)%201080p%20WEBDL.mp4</link>
    <thumbnail>https://image.tmdb.org/t/p/w500/ceWCWvbEogkXU1It8gH1l2rcfEJ.jpg</thumbnail>
    <fanart>https://image.tmdb.org/t/p/original/jtIjprJvfLeLWTZuVCo4zv13CvF.jpg</fanart>
    <plot>Faced with the catastrophic challenge of fighting a global crisis like no other, Indian scientists take on the mantle of producing vaccine despite not having enough resources and infrastructure to save the nation's sixteen million citizens.</plot>
  </movie>

  <movie>
    <title>Uvaa</title>
    <year>2015</year>
    <genre>Comedy, Drama</genre>
    <link>http://10.16.100.202/ftps10/iccftps10sasd1/Movies/Hindi/Uvaa%20(2015)%201080p%20WEBRip.mp4</link>
    <thumbnail>https://image.tmdb.org/t/p/w500/zkhoAOX0leq0ZtzT8k5fYNh0HoZ.jpg</thumbnail>
    <fanart>https://image.tmdb.org/t/p/original/7QY373bq7nNpVDNztz1IuNS4sQ9.jpg</fanart>
    <plot>Ram, Anil, Vikram, Salmaan and Deenbandhu are the rebellious brats of suburban Delhi NCR, with the world at their feet and nothing to worry they stomp everything in their path without knowing the consequences, but challenge lay ahead when all of them are put in a totally new world of convent school, here they survive and thrive only to find love. But one night they encounter a horrifying event which puts them in the hands of law. Their lives change forever, they have to fight for justice and moral integrity to make an example for the world.</plot>
  </movie>

  <movie>
    <title>Vaah Life Ho Toh Aisi</title>
    <year>2005</year>
    <genre>Drama, Comedy, Family, Fantasy</genre>
    <link>http://10.16.100.202/ftps10/iccftps10sasd1/Movies/Hindi/Vaah%20Life%20Ho%20Toh%20Aisi%20(2005)%20720p%20WEBDL.mkv</link>
    <thumbnail>https://image.tmdb.org/t/p/w500/1f4PGH7PDRWlcr5xml3uZCZBobC.jpg</thumbnail>
    <fanart>https://image.tmdb.org/t/p/original/fEYR56k4ANXYWmPAF0l1CEwbzbY.jpg</fanart>
    <plot>As the only employed member of a large family, Aditya Singh a big-hearted mechanic, works hard to provide for his siblings, his grandmother and a bevy of nieces and nephews. But, when he is unexpectedly killed in a car accident, his family's future becomes a murky prospect. Fearful for their safety and happiness, Aditya convinces Yamraj the Hindu god of death, to give him a chance to return -- as a ghost -- to carry out the unresolved business of his life.</plot>
  </movie>

  <movie>
    <title>Yeh Ballet</title>
    <year>2020</year>
    <genre>Drama</genre>
    <link>http://10.16.100.202/ftps10/iccftps10sasd1/Movies/Hindi/Yeh%20Ballet%20(2020)%201080p%20WEBDL.mkv</link>
    <thumbnail>https://image.tmdb.org/t/p/w500/1gFRvSUJ3u7WFAY9TuE3gl6JTLo.jpg</thumbnail>
    <fanart>https://image.tmdb.org/t/p/original/8Neql5IPhJl9Tynp1LMSyhvMfc5.jpg</fanart>
    <plot>Discovered by an eccentric ballet master, two gifted but underprivileged Mumbai teens face bigotry and disapproval as they pursue their dancing dreams.</plot>
  </movie>

  <movie>
    <title>Yeh Shaadi Nahi Ho Sakti</title>
    <year>2023</year>
    <genre>Comedy</genre>
    <link>http://10.16.100.202/ftps10/iccftps10sasd1/Movies/Hindi/Yeh%20Shaadi%20Nahi%20Ho%20Sakti%20(2023)%201080p%20WEBDL.mp4</link>
    <thumbnail>https://image.tmdb.org/t/p/w500/i9IYAo3cnrUa7ZWRVd6reTFFP0F.jpg</thumbnail>
    <fanart>https://image.tmdb.org/t/p/w500/i9IYAo3cnrUa7ZWRVd6reTFFP0F.jpg</fanart>
    <plot>Yeh Shaadi Nahi Ho Sakti is based on Shakespeare's classic comedy with a Desi twist. Lakshman can't marry his lady love Priya until her stubborn elder sister Pallavi gets married. As a result, Lakshman devises an elaborate plan which includes getting Pallavi hitched with an NRI and passing off a drunk theatre actor as his own rich father. When Lakshman's real father learns about the wedding plan, misunderstandings and mayhem ensue. Will the marriage finally take place?</plot>
  </movie>

  <movie>
    <title>14 Phere</title>
    <year>2021</year>
    <genre>Comedy, Romance, Drama</genre>
    <link>http://10.16.100.202/ftps10/iccftps10sasd2/Movies/Hindi/14%20Phere%20(2021)%201080p%20WEBDL.mkv</link>
    <thumbnail>https://image.tmdb.org/t/p/w500/afEOWT6LvwPz9oeHnNKzObBu2NB.jpg</thumbnail>
    <fanart>https://image.tmdb.org/t/p/original/dEzyWr4lzSEHyxY7sqLAqQCrjdl.jpg</fanart>
    <plot>Sanjay, a Rajput from Jahanabad, falls in love with his college senior Aditi, a Jat from Jaipur. They want to get married, but don't want to hurt their families. So they plan to get married by arranging a fake set of parents. Will they succeed?</plot>
  </movie>

  <movie>
    <title>AK vs AK</title>
    <year>2020</year>
    <genre>Comedy, Action, Drama, Crime</genre>
    <link>http://10.16.100.202/ftps10/iccftps10sasd2/Movies/Hindi/Ak%20Vs%20Ak%20(2020)%201080p%20WEBRip.mkv</link>
    <thumbnail>https://image.tmdb.org/t/p/w500/4ULEEvH0hDYnbWN3nClrb88sYCF.jpg</thumbnail>
    <fanart>https://image.tmdb.org/t/p/original/qM9xmkvCpQvOHgikuKE6ik3TXjv.jpg</fanart>
    <plot>After a public spat with a movie star,  a disgraced director retaliates by kidnapping the actor's daughter, filming the search for her in real-time.</plot>
  </movie>

  <movie>
    <title>Amar Singh Chamkila</title>
    <year>2024</year>
    <genre>Drama, Music</genre>
    <link>http://10.16.100.202/ftps10/iccftps10sasd2/Movies/Hindi/Amar%20Singh%20Chamkila%20(2024)%201080p%20WEBDL.mp4</link>
    <thumbnail>https://image.tmdb.org/t/p/w500/t9wSGgaPfbGUBBlne7xw8GaArvu.jpg</thumbnail>
    <fanart>https://image.tmdb.org/t/p/original/qh7PWKRfy2K8rZZP7LzembGgWIU.jpg</fanart>
    <plot>A humble singer’s brash lyrics ignite fame and fury across Punjab as he grapples with soaring success and brutal criticism before his untimely death.</plot>
  </movie>

  <movie>
    <title>Anek</title>
    <year>2022</year>
    <genre>Action, Thriller</genre>
    <link>http://10.16.100.202/ftps10/iccftps10sasd2/Movies/Hindi/Anek%20(2022)%201080p%20WEBDL.mp4</link>
    <thumbnail>https://image.tmdb.org/t/p/w500/y7DOaApwC0CO5EEV7Knqju3rLFa.jpg</thumbnail>
    <fanart>https://image.tmdb.org/t/p/original/1WRIU0XeNDgDOMInQ89h0hOPA3J.jpg</fanart>
    <plot>Amid the turmoil in northeast India, an undercover agent tasked with peace negotiations crosses paths with a tenacious boxer fighting for her dreams.</plot>
  </movie>

  <movie>
    <title>Apna Sapna Money Money</title>
    <year>2006</year>
    <genre>Comedy</genre>
    <link>http://10.16.100.202/ftps10/iccftps10sasd2/Movies/Hindi/Apna%20Sapna%20Money%20Money%20(2006)%201080p%20WEBRip.mp4</link>
    <thumbnail>https://image.tmdb.org/t/p/w500/pTxNRZQhRqGqYyuNjAFAzk0iqrS.jpg</thumbnail>
    <fanart>https://image.tmdb.org/t/p/original/aTm3WSMDRX4OVc7MOaN26OjEyHg.jpg</fanart>
    <plot>Kishan is a young man from Goa whose brain is full of every conceivable trick to make a quick buck. He cons people by slipping into different outfits and by assuming many guises. Julie, is a sexy club dancer with quite a local reputation, but behind her raunchy exterior is a compassionate, kind-hearted woman who goes out of her way to help the needy...</plot>
  </movie>

  <movie>
    <title>Asambhav</title>
    <year>2004</year>
    <genre>Action, Adventure, Drama</genre>
    <link>http://10.16.100.202/ftps10/iccftps10sasd2/Movies/Hindi/Asambhav%20(2004)%20720p%20WEBDL.mkv</link>
    <thumbnail>https://image.tmdb.org/t/p/w500/4uXtuCf1AvZW87QEe0JLVJEsylz.jpg</thumbnail>
    <fanart>https://image.tmdb.org/t/p/original/lIEicw6VnL7sguoPq3Z7xUwYHA8.jpg</fanart>
    <plot>When the President of India is kidnapped by Kashmiri terrorists in Locarno, Switzerland, an Indian secret agent is sent to find him and set him free. With the help of an Indian singer he will make the "Impossible" to complete the mission.</plot>
  </movie>

  <movie>
    <title>Bajatey Raho</title>
    <year>2013</year>
    <genre>Comedy, Drama, Thriller</genre>
    <link>http://10.16.100.202/ftps10/iccftps10sasd2/Movies/Hindi/Bajatey%20Raho%20(2013)%201080p%20WEBDL.mkv</link>
    <thumbnail>https://image.tmdb.org/t/p/w500/wqbTQNqjITTElmEWnBrM0uRJbSp.jpg</thumbnail>
    <fanart>https://image.tmdb.org/t/p/w500/wqbTQNqjITTElmEWnBrM0uRJbSp.jpg</fanart>
    <plot>Surviving family members and friends of a man who was conned by the cunning businessman Sabbarwahl, string together a series of their own cons in an attempt to bring him down.</plot>
  </movie>

  <movie>
    <title>Band Baaja Baaraat</title>
    <year>2010</year>
    <genre>Comedy, Drama, Romance</genre>
    <link>http://10.16.100.202/ftps10/iccftps10sasd2/Movies/Hindi/Band%20Baaja%20Baaraat%20(2010)%20720p%20BluRay.mp4</link>
    <thumbnail>https://image.tmdb.org/t/p/w500/n9Yd0otyugR9ArGxRwbEYxUXjTH.jpg</thumbnail>
    <fanart>https://image.tmdb.org/t/p/original/oLtgiQU30YOlKfDK8gGxq2d1WBv.jpg</fanart>
    <plot>Shruti and Bittoo decide to start a wedding planning company together after they graduate from university, but romance gets in the way of business.</plot>
  </movie>

  <movie>
    <title>Brahmastra Part One Shiva</title>
    <year>2022</year>
    <genre>Action, Adventure, Fantasy</genre>
    <link>http://10.16.100.202/ftps10/iccftps10sasd2/Movies/Hindi/Brahmastra%20Part%20One%20Shiva%20(2022)%20720p%20BluRay.mp4</link>
    <thumbnail>https://image.tmdb.org/t/p/w500/x61qdvHIsr9U53FwoLVDQqAGur0.jpg</thumbnail>
    <fanart>https://image.tmdb.org/t/p/original/9oAqll65ytlOBLzZwUwkmo5RwIK.jpg</fanart>
    <plot>The story of Shiva – a young man on the brink of an epic love, with a girl named Isha. But their world is turned upside down when Shiva learns that he has a mysterious connection to the Brahmāstra... and a great power within him that he doesn’t understand just yet - the power of Fire.</plot>
  </movie>

  <movie>
    <title>Cheeni Kum</title>
    <year>2007</year>
    <genre>Romance, Drama</genre>
    <link>http://10.16.100.202/ftps10/iccftps10sasd2/Movies/Hindi/Cheeni%20Kum%20(2007)%20720p%20BluRay.mp4</link>
    <thumbnail>https://image.tmdb.org/t/p/w500/qjjIQC9v0lH8kfYWSF0lz7jhhDL.jpg</thumbnail>
    <fanart>https://image.tmdb.org/t/p/original/nBHgWrFtySBrKAnCAyZpExHsBQ.jpg</fanart>
    <plot>Buddhadev Gupta, a 64-year-old chef, falls in love with a 34-year-old software engineer, Nina. However, their future becomes uncertain when he discovers that her father is six years his junior.</plot>
  </movie>

  
  <movie>
    <title>Club 60</title>
    <year>2013</year>
    <genre>Drama</genre>
    <link>http://10.16.100.202/ftps10/iccftps10sasd2/Movies/Hindi/Club%2060%20(2013)%20720p%20HDRip.mkv</link>
    <thumbnail>https://image.tmdb.org/t/p/w500/zpqYKKFHCKaqj1WAgC5POfJuq1T.jpg</thumbnail>
    <fanart>https://image.tmdb.org/t/p/w500/zpqYKKFHCKaqj1WAgC5POfJuq1T.jpg</fanart>
    <plot>CLUB 60 is about Letting Go after spending the required time in grieving for the loss of a loved one. But what is the required time-frame to grieve? And is it right to always stay in a grieving position? What about the people around you, who are also hurting because of your grieing? And does grieving endlessly really help the one who is gone away?  Club 60 is also about embracing life, post 60.</plot>
  </movie>

  <movie>
    <title>Company</title>
    <year>2002</year>
    <genre>Action, Crime, Drama</genre>
    <link>http://10.16.100.202/ftps10/iccftps10sasd2/Movies/Hindi/Company%20(2002)%201080p%20BluRay.mp4</link>
    <thumbnail>https://image.tmdb.org/t/p/w500/1A2J7bYryOmBVBU8qpTs3fta0hv.jpg</thumbnail>
    <fanart>https://image.tmdb.org/t/p/original/iFd0f324IzQgZkCEq5uTc4LUJ1G.jpg</fanart>
    <plot>Mallik is a henchman of Aslam Bhai, a Mumbai underworld kingpin. He inducts local hothead Chandu into the gang, and the two of them soon form a formidable faction within the gang, eventually displacing Aslam. As the empire grows, however, the two of them start drifting apart.</plot>
  </movie>

  <movie>
    <title>Crakk Jeetega Toh Jiyegaa</title>
    <year>2024</year>
    <genre>Action, Thriller</genre>
    <link>http://10.16.100.202/ftps10/iccftps10sasd2/Movies/Hindi/Crakk%20Jeetega%20Toh%20Jiyegaa%20(2024)%201080p%20WEBRip.mp4</link>
    <thumbnail>https://image.tmdb.org/t/p/w500/tmrjo8M4rm6NhkBKk20wDSj91go.jpg</thumbnail>
    <fanart>https://image.tmdb.org/t/p/original/xzwNTmJzCxn4gBpAsV9o2Krkx0C.jpg</fanart>
    <plot>It follows the journey of a man from the slums of Mumbai to the world of extreme underground sports.</plot>
  </movie>

  <movie>
    <title>Dobaaraa</title>
    <year>2022</year>
    <genre>Science Fiction, Mystery, Thriller</genre>
    <link>http://10.16.100.202/ftps10/iccftps10sasd2/Movies/Hindi/Dobaaraa%20(2022)%20720p%20WEBRip.mp4</link>
    <thumbnail>https://image.tmdb.org/t/p/w500/5OIuQ4d7YqeQVg9vUnWINSJekB1.jpg</thumbnail>
    <fanart>https://image.tmdb.org/t/p/original/vA9N4eI19uBGE5HOhHxl9kJr5Ph.jpg</fanart>
    <plot>In the 1990s, during a wild thunderstorm night, 12-year-old Anay dies in a road accident shortly after he sees his next-door neighbor committing a crime. Twenty-five years later, in a strange turn of events, on an identical stormy night, Antara finds herself in front of a TV set through which she attempts to save Anay’s life but her good deed causes a disturbing chain of unexpected consequences.</plot>
  </movie>

  <movie>
    <title>Gabbar Is Back</title>
    <year>2015</year>
    <genre>Drama, Action</genre>
    <link>http://10.16.100.202/ftps10/iccftps10sasd2/Movies/Hindi/Gabbar%20Is%20Back%20%20(2015)%201080p%20BluRay.mp4</link>
    <thumbnail>https://image.tmdb.org/t/p/w500/dhIVF43jCqVzxuo11hYcHQxjzS6.jpg</thumbnail>
    <fanart>https://image.tmdb.org/t/p/original/vKUnJxHOHpyG5Sn5zCbYoO9ydDb.jpg</fanart>
    <plot>A vigilante network taking out corrupt officials draws the notice of the authorities.</plot>
  </movie>

  <movie>
    <title>Gehraiyaan</title>
    <year>2022</year>
    <genre>Romance, Drama</genre>
    <link>http://10.16.100.202/ftps10/iccftps10sasd2/Movies/Hindi/Gehraiyaan%20(2022)%201080p%20WEBDL.mp4</link>
    <thumbnail>https://image.tmdb.org/t/p/w500/AqqMoV3o83oiPZSUrBBeujKnk1n.jpg</thumbnail>
    <fanart>https://image.tmdb.org/t/p/original/tb2MBG5Ww4UbbqeflVspBb4lxa3.jpg</fanart>
    <plot>Alisha Khanna, 30, ambitious, now finds herself at crossroads in life. Her six year long relationship has grown monotonous, her career seems to be going nowhere. But just when she had begun to accept this reality as unchangeable, her life is usurped by the arrival of her cousin, Tia and her fiancé, Zain, with whom she bonds over a troubled past and a common wish to break from its confines.</plot>
  </movie>

  <movie>
    <title>Ghoomketu</title>
    <year>2020</year>
    <genre>Comedy, Drama</genre>
    <link>http://10.16.100.202/ftps10/iccftps10sasd2/Movies/Hindi/Ghoomketu%20(2020)%201080p%20WEBRip.mp4</link>
    <thumbnail>https://image.tmdb.org/t/p/w500/6BV7tNQjM43bIjdZthXyq91lKLx.jpg</thumbnail>
    <fanart>https://image.tmdb.org/t/p/original/h8zGYuhknMaSfcx3ZE65kkYnSPF.jpg</fanart>
    <plot>An aspiring writer from a small town in U.P. runs away to Mumbai. He gives himself 30 days to try and prove his worth.</plot>
  </movie>

  <movie>
    <title>Ghost Stories</title>
    <year>2020</year>
    <genre>Horror</genre>
    <link>http://10.16.100.202/ftps10/iccftps10sasd2/Movies/Hindi/Ghost%20Stories%20(2020)%20720p%20WEBRip.mp4</link>
    <thumbnail>https://image.tmdb.org/t/p/w500/wuTwPYFoEGQG3EntpdZA8LlBBdx.jpg</thumbnail>
    <fanart>https://image.tmdb.org/t/p/original/dKSykSoV8eGWYqgmVJwBpBvTPzz.jpg</fanart>
    <plot>An anthology of four short horror tales.</plot>
  </movie>

  <movie>
    <title>Haddi</title>
    <year>2023</year>
    <genre>Drama, Crime</genre>
    <link>http://10.16.100.202/ftps10/iccftps10sasd2/Movies/Hindi/Haddi%20(2023)%201080p%20WEBDL.mp4</link>
    <thumbnail>https://image.tmdb.org/t/p/w500/6GrbL3kAu9yhNcY0hK3qE3tuIf2.jpg</thumbnail>
    <fanart>https://image.tmdb.org/t/p/original/wN8JKRHfNjJpD2BiOtFxShb1VDY.jpg</fanart>
    <plot>A transgender woman, Haddi, moves to Delhi to join a gang of transpeople and cross-dressers headed by an influential man. But is this move aspirational or driven by revenge?</plot>
  </movie>

  <movie>
    <title>Housefull 5</title>
    <year>2025</year>
    <genre>Comedy, Mystery, Thriller</genre>
    <link>http://10.16.100.202/ftps10/iccftps10sasd2/Movies/Hindi/Housefull%205%20(Housefull%205%20B)%20(2025)%201080p%20DVDRip.mp4</link>
    <thumbnail>https://image.tmdb.org/t/p/w500/iGvGkVOfsooO0ZBrhN5i6zXYUCy.jpg</thumbnail>
    <fanart>https://image.tmdb.org/t/p/original/8lNbxRsGKzWdtLk6hKdB1z11pjE.jpg</fanart>
    <plot>A father writes his will — his son "Jolly" is going to get it all. But who is Jolly? The comedy unfolds as different people pose as the "real" Jolly on a cruise celebrating the father's birthday — where a murder takes place.</plot>
  </movie>

  <movie>
    <title>I Am Zlatan</title>
    <year>2021</year>
    <genre>Drama</genre>
    <link>http://10.16.100.202/ftps10/iccftps10sasd2/Movies/Hindi/I%20am%20Not%20a%20Porn%20Star%20Nazar%20Sambhal%20KE%20(2021)%201080p%20WEBDL.mp4</link>
    <thumbnail>https://image.tmdb.org/t/p/w500/4PTCd7jeylZdj6PZXqUlHWfKu9V.jpg</thumbnail>
    <fanart>https://image.tmdb.org/t/p/original/qhjPl6x3xUIpEZ0RNc9h2LDxSCH.jpg</fanart>
    <plot>Coming-of-age story depicting Zlatan Ibrahimovic's upbringing in a rough Swedish suburb. Born to Balkan immigrants, football was Zlatan's release in a tough environment where his remarkable talent and self-reliance catapulted him against all odds to the top of international football playing for clubs like Ajax Amsterdam, Juventus, Inter, Milan, Barcelona, Paris Saint-Germain and Manchester United.</plot>
  </movie>

  <movie>
    <title>Jo Tera Hai Woh Mera Hai</title>
    <year>2024</year>
    <genre>Comedy, Drama</genre>
    <link>http://10.16.100.202/ftps10/iccftps10sasd2/Movies/Hindi/Jo%20Tera%20Hai%20Woh%20Mera%20Hai%20(2024)%201080p%20WEBRip.mp4</link>
    <thumbnail>https://image.tmdb.org/t/p/w500/w35SdKO67nyy51CUQqbK60Vj3Co.jpg</thumbnail>
    <fanart>https://image.tmdb.org/t/p/original/hdoZXeOWZEsMi5vemv3Ulz92zzX.jpg</fanart>
    <plot>Mitesh Meghani a family man, attempts to buy back their love through a scheme of conning an old man and getting him to transfer his property in his name.</plot>
  </movie>

  <movie>
    <title>Kabhi Alvida Naa Kehna</title>
    <year>2006</year>
    <genre>Drama, Romance</genre>
    <link>http://10.16.100.202/ftps10/iccftps10sasd2/Movies/Hindi/Kabhi%20Alvida%20Naa%20Kehna%20(2006)%201080p%20BluRay.mp4</link>
    <thumbnail>https://image.tmdb.org/t/p/w500/dkYQgRPuik4FGIUdGGVYGQJWrHa.jpg</thumbnail>
    <fanart>https://image.tmdb.org/t/p/original/xXABOEnWAtsGmlAhxWbgObWkkt9.jpg</fanart>
    <plot>Dev and Maya are both married to different people. Settled into a life of domestic ritual, and convinced that they are happy in their respective relationships, they still yearn for something deeper and more meaningful, which is precisely what they find in each other.</plot>
  </movie>

  <movie>
    <title>Khufiya</title>
    <year>2023</year>
    <genre>Crime, Thriller, Mystery</genre>
    <link>http://10.16.100.202/ftps10/iccftps10sasd2/Movies/Hindi/Khufiya%20(2023)%201080p%20WEBDL.mp4</link>
    <thumbnail>https://image.tmdb.org/t/p/w500/bbHUuTEo2DsYLoXCjkL8kB0oPhy.jpg</thumbnail>
    <fanart>https://image.tmdb.org/t/p/original/9Ijxw19fKxMr6bKEyfK3gQ9lVU1.jpg</fanart>
    <plot>When a mole in an intelligence unit leads to the murder of an undercover spy, a hardened agent relentlessly pursues him to avenge the death.</plot>
  </movie>

  <movie>
    <title>Kismat Konnection</title>
    <year>2008</year>
    <genre>Drama, Comedy, Romance</genre>
    <link>http://10.16.100.202/ftps10/iccftps10sasd2/Movies/Hindi/Kismat%20Konnection%20(2008)%201080p%20BluRay.mp4</link>
    <thumbnail>https://image.tmdb.org/t/p/w500/maIqwcXgvcTLbJm2B8fjQ7BI3RY.jpg</thumbnail>
    <fanart>https://image.tmdb.org/t/p/original/hTCvXhcQDyhtyfmcJ2BQVp2tNMH.jpg</fanart>
    <plot>Raj Malhotra is a luckless architect who seeks success but in vain. He bumps into a social activist named Priya. Raj finds out that Priya is a lucky charm for him but unfortunately she is protecting the community center for which he aims to win the contract of demolishing for a brand new shopping mall.</plot>
  </movie>

  <movie>
    <title>London Confidential</title>
    <year>2020</year>
    <genre>Thriller, Crime, Drama</genre>
    <link>http://10.16.100.202/ftps10/iccftps10sasd2/Movies/Hindi/London%20Confidential%20(2020)%201080p%20WEBDL.mkv</link>
    <thumbnail>https://image.tmdb.org/t/p/w500/mtJbSbMUqwIJBJvFBRD7oYRknua.jpg</thumbnail>
    <fanart>https://image.tmdb.org/t/p/original/xyWgUmrQyo29PRVcsmAFIIxAeWR.jpg</fanart>
    <plot>A spy-thriller set amidst a series of brutal killings of Indian agents in London, and how Uma, a RAW officer, must expose a mole within the ranks.</plot>
  </movie>

  <movie>
    <title>Love Aaj Kal Porshu</title>
    <year>2020</year>
    <genre>Drama, Romance, Science Fiction</genre>
    <link>http://10.16.100.202/ftps10/iccftps10sasd2/Movies/Hindi/Love%20Aaj%20Kal%20(2020)%201080p%20WEBDL.mkv</link>
    <thumbnail>https://image.tmdb.org/t/p/w500/aX2MPX3uGGHDdtG6guXtBm22QSH.jpg</thumbnail>
    <fanart>https://image.tmdb.org/t/p/original/bXZGWy0Lw47PMqaStCWItiRpJt0.jpg</fanart>
    <plot>Two people whose love is a force that can never be changed, no matter how much its surroundings may change. A unique take on the timelessness of romance.</plot>
  </movie>

  <movie>
    <title>Madam Chief Minister</title>
    <year>2021</year>
    <genre>Drama</genre>
    <link>http://10.16.100.202/ftps10/iccftps10sasd2/Movies/Hindi/Madam%20Chief%20Minister%20(2021)%201080p%20WEBRip.mkv</link>
    <thumbnail>https://image.tmdb.org/t/p/w500/jk8KZ4SqFR9Uz48m1KAEzc41vlX.jpg</thumbnail>
    <fanart>https://image.tmdb.org/t/p/original/i3x9qtpW87R85d9xkaH2CUCzSX8.jpg</fanart>
    <plot>A political-drama where a young woman from a small village rises to power into the world of politics by breaking barriers of caste and patriarchy and overcomes the obstacles placed by her opponents to become the chief minister and work for the upliftment of backward classes.</plot>
  </movie>

  <movie>
    <title>Manikarnika The Queen of Jhansi</title>
    <year>2019</year>
    <genre>History, Drama, Action</genre>
    <link>http://10.16.100.202/ftps10/iccftps10sasd2/Movies/Hindi/Manikarnika%20The%20Queen%20of%20Jhansi%20(2019)%201080p%20BluRay.mp4</link>
    <thumbnail>https://image.tmdb.org/t/p/w500/kbTzlKKnZHZ8RYulknO4xqQOJ24.jpg</thumbnail>
    <fanart>https://image.tmdb.org/t/p/original/fZSBNwHSXO4BF0AYYEQ1ctHzre2.jpg</fanart>
    <plot>Story of Rani Lakshmibai, one of the leading figures of the Indian Rebellion of 1857 and her resistance to the British Rule.</plot>
  </movie>

  <movie>
    <title>Mickey Virus</title>
    <year>2013</year>
    <genre>Comedy, Thriller</genre>
    <link>http://10.16.100.202/ftps10/iccftps10sasd2/Movies/Hindi/Mickey%20Virus%20(2013)%201080p%20WEBDL.mp4</link>
    <thumbnail>https://image.tmdb.org/t/p/w500/5FKtKKCmprBQ2sGrCclmVQ1hjVl.jpg</thumbnail>
    <fanart>https://image.tmdb.org/t/p/original/lMcqdjzULJqJpyKnvRBwWhvJMQb.jpg</fanart>
    <plot>When Delhi Police comes across an unusual case revolving around hacking they seek help of an expert who thinks like them only to come across a lazy hacker Mickey Arora.</plot>
  </movie>

  <movie>
    <title>Mirza Juuliet</title>
    <year>2017</year>
    <genre>Drama</genre>
    <link>http://10.16.100.202/ftps10/iccftps10sasd2/Movies/Hindi/Mirza%20Juuliet%20(2017)%201080p%20WEBRip.mp4</link>
    <thumbnail>https://image.tmdb.org/t/p/w500/wHP2cmL9qr8sLIro9EdOI7qNmSE.jpg</thumbnail>
    <fanart>https://image.tmdb.org/t/p/original/7Y3cEMoYki5Xga6gHMtQFq4smai.jpg</fanart>
    <plot>The world is full of fascination and obsessions. Different people have different desires and goals in life. For some its power, for some its money, for some its someone and for some its plain crazy love.The real question is that to what level can one rise or fall for his/her dream or aspirations. Mirza Juuliet is the story of such strong emotions like love, hatred, lust, trust, friendship, deceit, manipulation and above all a mixed confusion of all these emotions.</plot>
  </movie>

  <movie>
    <title>Officer Arjun Singh IPS</title>
    <year>2019</year>
    <genre>Action, Drama</genre>
    <link>http://10.16.100.202/ftps10/iccftps10sasd2/Movies/Hindi/Officer%20Arjun%20Singh%20IPS%20(2019)%201080p%20WEBDL.mkv</link>
    <thumbnail>https://image.tmdb.org/t/p/w500/dDFV8LkKutBXtjvSzNXkcfUB7J5.jpg</thumbnail>
    <fanart>https://image.tmdb.org/t/p/w500/dDFV8LkKutBXtjvSzNXkcfUB7J5.jpg</fanart>
    <plot></plot>
  </movie>

  <movie>
    <title>Parastree</title>
    <year>2023</year>
    <genre>Thriller</genre>
    <link>http://10.16.100.202/ftps10/iccftps10sasd2/Movies/Hindi/Parastree%20(2023)%201080p%20WEBDL.mp4</link>
    <thumbnail>https://image.tmdb.org/t/p/w500/nTxhj8dY8VRACGD3i8stYUjkNQC.jpg</thumbnail>
    <fanart>https://image.tmdb.org/t/p/original/ArUFp96ejv4EcsyQsl655zukaXe.jpg</fanart>
    <plot>Dark thriller story occurring after an extramarital affair.</plot>
  </movie>

  <movie>
    <title>Peepli Live</title>
    <year>2010</year>
    <genre>Drama, Comedy</genre>
    <link>http://10.16.100.202/ftps10/iccftps10sasd2/Movies/Hindi/Peepli%20(2010)%201080p%20BluRay.mp4</link>
    <thumbnail>https://image.tmdb.org/t/p/w500/zJ1e7pmyJ8an6ZxhhjwVNvqHe7t.jpg</thumbnail>
    <fanart>https://image.tmdb.org/t/p/original/mrF9kujimogn0ltPCX6wxVCpotq.jpg</fanart>
    <plot>Natha decides to commit suicide to get the farmers' compensation. However, the media and politicians learn about his intentions and descend on their village to capture the rare event.</plot>
  </movie>

  <movie>
    <title>Project Papa</title>
    <year>2018</year>
    <genre>Drama</genre>
    <link>http://10.16.100.202/ftps10/iccftps10sasd2/Movies/Hindi/Project%20Papa%20(2018)%201080p%20WEBDL.mkv</link>
    <thumbnail>https://image.tmdb.org/t/p/w500/oD5XyfWO9m7KaPxrjrTHinp0IZE.jpg</thumbnail>
    <fanart>https://image.tmdb.org/t/p/original/uRoVOEtMw9wYoxCt8dIMpHFEYjY.jpg</fanart>
    <plot>Driven into a state of panic about how quickly her father is growing older, and slowly fading away from the man he used to be, Alisa, a young, busy entrepreneur puts her life on hold, and along with her best friend, they embark upon Project Papa- her quest to fix him and give back what he gave her in abundance- love, memories and time.</plot>
  </movie>

  <movie>
    <title>Rang De Basanti</title>
    <year>2006</year>
    <genre>Comedy, Drama, History, Romance</genre>
    <link>http://10.16.100.202/ftps10/iccftps10sasd2/Movies/Hindi/Rang%20De%20Basanti%20(2006)%20720p%20BluRay.mp4</link>
    <thumbnail>https://image.tmdb.org/t/p/w500/f1bF8CHzEu621bPSIg6XiUNAabh.jpg</thumbnail>
    <fanart>https://image.tmdb.org/t/p/original/fgRhyGbMAolDsQ65VRBRBtVQZNn.jpg</fanart>
    <plot>After a group of friends graduate from Delhi University, they listlessly haunt their old campus, until a British filmmaker casts them in a film she's making about freedom fighters under British rule. Although the group is largely apolitical, the tragic death of a friend owing to local government corruption awakens their patriotism. Inspired by the freedom fighters they represent in the film, the friends collectively decide to avenge the killing.</plot>
  </movie>

  <movie>
    <title>Rosh</title>
    <year>2023</year>
    <genre>Thriller</genre>
    <link>http://10.16.100.202/ftps10/iccftps10sasd2/Movies/Hindi/Rosh%20(2023)%201080p%20WEBDL.mp4</link>
    <thumbnail>https://image.tmdb.org/t/p/w500/Ai67XN2SjgLKXIGECT3RXQ2bjqf.jpg</thumbnail>
    <fanart>https://image.tmdb.org/t/p/original/8ZT45PymmsefELHPKR5DnLFuLUY.jpg</fanart>
    <plot>Rajat Ronika and Alina hits a delivery boy on road and he dies on the spot. After some time door bell rings and an injured delivery boy enters in house stating he is late because someone hit him on road by a car and thrill starts.</plot>
  </movie>

  <movie>
    <title>Sab Kushal Mangal</title>
    <year>2020</year>
    <genre>Romance, Comedy</genre>
    <link>http://10.16.100.202/ftps10/iccftps10sasd2/Movies/Hindi/Sab%20Kushal%20Mangal%20(2020)%201080%20WEBDL.mkv</link>
    <thumbnail>https://image.tmdb.org/t/p/w500/aMC6FqninqV8M7dJKIeM4Qwm6Gy.jpg</thumbnail>
    <fanart>https://image.tmdb.org/t/p/original/nSQ2p4zOkhBpwqoj7uksXLpcp0C.jpg</fanart>
    <plot>Pappu Mishra is the creator and host of a reality show called Musibat Odh Li Maine. Baba Bhandari, a big name in politics and crime, is offended with his reportage. Incidentally, the two belong to the same town, so when Pappu comes back for Diwali, Bhandari kidnaps him. A lively girl named Mandira saves Pappu, but later both Bhandari and Pappu end up falling for her. As chaos reigns in the town, how will the two men deal with the situation?</plot>
  </movie>

  <movie>
    <title>Saina</title>
    <year>2021</year>
    <genre>Drama</genre>
    <link>http://10.16.100.202/ftps10/iccftps10sasd2/Movies/Hindi/Saina%20(2021)%201080p%20WEBDL.mkv</link>
    <thumbnail>https://image.tmdb.org/t/p/w500/fdZZDmeO0lybBrxdudwdQmbmxJq.jpg</thumbnail>
    <fanart>https://image.tmdb.org/t/p/original/99TjHpVoTXiMN6LRF828MlDaPpn.jpg</fanart>
    <plot>Champion. Olympic Medallist. The Doyen of Indian Badminton. Saina Nehwal is all of this and much more. This biopic chronicles the inspiring story of a gifted youngster's ascendance to the pinnacle of the Badminton World through sheer passion and perseverance.</plot>
  </movie>

  <movie>
    <title>Sharmajee Ki Beti</title>
    <year>2024</year>
    <genre>Comedy, Drama</genre>
    <link>http://10.16.100.202/ftps10/iccftps10sasd2/Movies/Hindi/Sharmajee%20Ki%20Beti%20(2024)%201080p%20WEBRip.mp4</link>
    <thumbnail>https://image.tmdb.org/t/p/w500/vJc61J8aZvLz49BHQ7MXyjgQCzk.jpg</thumbnail>
    <fanart>https://image.tmdb.org/t/p/original/vefy4c5pykU861vV8A4tnd8YDw8.jpg</fanart>
    <plot>Sharmajee Ki Beti intricately weaves the lives of Jyoti, Kiran, and Tanvi, all with the common surname of Sharma as they navigate urban loneliness, societal pressures, and gender expectations. Amidst their struggles, teenagers, Swati and Gurveen journey through puberty and maternal neglect, adding depth to this humorous and heart-warming tale of resilience, aspirations, and coming-of-age.</plot>
  </movie>

  <movie>
    <title>Ship of Theseus</title>
    <year>2012</year>
    <genre>Drama</genre>
    <link>http://10.16.100.202/ftps10/iccftps10sasd2/Movies/Hindi/Ship%20Of%20Theseus%20(2012)%20720p%20BluRay.mp4</link>
    <thumbnail>https://image.tmdb.org/t/p/w500/t75n1cm3uZXl4WQj8U9UcfBRmWC.jpg</thumbnail>
    <fanart>https://image.tmdb.org/t/p/original/442KB0zDUd69ecKTqaQulnZsKst.jpg</fanart>
    <plot>Three stories about persons forced to think about the ethics and moral issues raised by medical advances.</plot>
  </movie>

  <movie>
    <title>Shorts</title>
    <year>2013</year>
    <genre>Family, Fantasy, Comedy, Adventure, Science Fiction</genre>
    <link>http://10.16.100.202/ftps10/iccftps10sasd2/Movies/Hindi/Shorts%20(2013)%20720p%20DVDRip.mkv</link>
    <thumbnail>https://image.tmdb.org/t/p/w500/7AfctXNIn2JrvSDBg1h241PdeoQ.jpg</thumbnail>
    <fanart>https://image.tmdb.org/t/p/original/c9d0Mp6sWdneRp85etaW3jz6KMg.jpg</fanart>
    <plot>A young boy's discovery of a colorful, wish-granting rock causes chaos in the suburban town of Black Falls when jealous kids and scheming adults alike set out to get their hands on it.</plot>
  </movie>

  <movie>
    <title>Singh Saab the Great</title>
    <year>2013</year>
    <genre>Action, Drama</genre>
    <link>http://10.16.100.202/ftps10/iccftps10sasd2/Movies/Hindi/Singh%20Saab%20The%20Great%20(2013)%20720p%20DVDRip.mkv</link>
    <thumbnail>https://image.tmdb.org/t/p/w500/qbvBLlOI7C4lB5gRH0XBYhkfj4G.jpg</thumbnail>
    <fanart>https://image.tmdb.org/t/p/original/dIBEYFQbMxtUgdUXI4ifjFNQPZZ.jpg</fanart>
    <plot>A common man fights corruption and injustice.</plot>
  </movie>

  <movie>
    <title>Skater Girl</title>
    <year>2021</year>
    <genre>Drama, Family</genre>
    <link>http://10.16.100.202/ftps10/iccftps10sasd2/Movies/Hindi/Skater%20Girl%20(2021)%201080p%20WEBRip.mkv</link>
    <thumbnail>https://image.tmdb.org/t/p/w500/e8yxFPOvNmhlfUXBqiNvvpMI4t5.jpg</thumbnail>
    <fanart>https://image.tmdb.org/t/p/original/kFZAu1g0f7bpunIumUY8Gb3Y9WU.jpg</fanart>
    <plot>Prerna, a teenager growing up in rural India, comes of age when she’s introduced to the sport of skateboarding. As a result, she has to fight the odds to follow her dreams and compete in the national championship.</plot>
  </movie>

  <movie>
    <title>The Killer</title>
    <year>2006</year>
    <genre>Drama</genre>
    <link>http://10.16.100.202/ftps10/iccftps10sasd2/Movies/Hindi/The%20Killer%20(2006)%201080p%20WEBRip.mp4</link>
    <thumbnail>https://image.tmdb.org/t/p/w500/l5CUToJuYslpNhXHUCi0QRgMkIV.jpg</thumbnail>
    <fanart>https://image.tmdb.org/t/p/original/f5bzQHZdAAneI0eke9EKt41k3bL.jpg</fanart>
    <plot>A cold-blooded contract killer hires the services of a cab driver for a full night. He forces the driver to go around Dubai as he keeps finishing off witnesses scheduled to testify against a gangster.</plot>
  </movie>

  <movie>
    <title>Toilet A Love Story</title>
    <year>2017</year>
    <genre>Comedy, Drama, Romance</genre>
    <link>http://10.16.100.202/ftps10/iccftps10sasd2/Movies/Hindi/Toilet%20Ek%20Prem%20Katha%20(2017)%201080p%20BluRay.mp4</link>
    <thumbnail>https://image.tmdb.org/t/p/w500/8YUBka56t4HcHLVMGnGA1WizpMV.jpg</thumbnail>
    <fanart>https://image.tmdb.org/t/p/original/bDnyCpHeO9SDODn2Fcsrtm4cM0A.jpg</fanart>
    <plot>A woman threatens to leave her husband unless he installs a toilet in their home. To win back her love and respect, he heads out on a journey to fight against the backward society.</plot>
  </movie>

  <movie>
    <title>Tottaa Pataaka Item Maal</title>
    <year>2019</year>
    <genre>Drama</genre>
    <link>http://10.16.100.202/ftps10/iccftps10sasd2/Movies/Hindi/Tottaa%20Pataaka%20Item%20Maal%20(2019)%201080p%20WEBDL.mp4</link>
    <thumbnail>https://image.tmdb.org/t/p/w500/mRVgTdjHoK78tQ1dJVIoA3LGI2n.jpg</thumbnail>
    <fanart>https://image.tmdb.org/t/p/original/1WlTx3LYQoeKm3tyK4X9dnge0ha.jpg</fanart>
    <plot>Four women from Delhi, NCR and Gurgaon, tired of dealing with the incessant fear or rape, decide to teach one man how it feels to be afraid of being raped, on a daily basis.</plot>
  </movie>

  
  <movie>
    <title>Wazir</title>
    <year>2016</year>
    <genre>Thriller, Action, Crime</genre>
    <link>http://10.16.100.202/ftps10/iccftps10sasd2/Movies/Hindi/Wazir%20(2016)%201080p%20BluRay.mp4</link>
    <thumbnail>https://image.tmdb.org/t/p/w500/A5I6rAFG3rLborOF8BCcjs4EBcx.jpg</thumbnail>
    <fanart>https://image.tmdb.org/t/p/original/lD6lYulY6js9EAgUufh2ekNnCR4.jpg</fanart>
    <plot>'Wazir' is a tale of two unlikely friends, a wheelchair-bound chess grandmaster and a brave ATS officer. Brought together by grief and a strange twist of fate, the two men decide to help each other win the biggest games of their lives. But there's a mysterious, dangerous opponent lurking in the shadows, who is all set to checkmate them.</plot>
  </movie>


  <movie>
    <title>Yodha</title>
    <year>2024</year>
    <genre>Action, Adventure, Thriller</genre>
    <link>http://10.16.100.202/ftps10/iccftps10sasd2/Movies/Hindi/Yodha%20(2024)%201080p%20WEBRip.mp4</link>
    <thumbnail>https://image.tmdb.org/t/p/w500/d4xrJ9mLFEheS8b7HLyAC9GjHxc.jpg</thumbnail>
    <fanart>https://image.tmdb.org/t/p/original/yw990hqPmdV64mlDMXPOJbVKkTV.jpg</fanart>
    <plot>When terrorists hijack a passenger plane, a suspended commando onboard under mysterious circumstances, crafts a plan to thwart the hijackers and safeguard the passengers' survival despite the engine's failure.</plot>
  </movie>

  <movie>
    <title>Zed Plus</title>
    <year>2014</year>
    <genre>Drama, Comedy</genre>
    <link>http://10.16.100.202/ftps10/iccftps10sasd2/Movies/Hindi/Zed%20Plus%20(2014)%201080p%20WEBDL.mkv</link>
    <thumbnail>https://image.tmdb.org/t/p/w500/9Wwxd1k4MXWIAFr9TrS2do8vdom.jpg</thumbnail>
    <fanart>https://image.tmdb.org/t/p/original/zyAfQH0wzfGoMCFGzvmIox5UdEt.jpg</fanart>
    <plot>Aslam (Adil Hussain), a villager who runs a small business, accidentally meets the prime minister of India, who grants him special security on his request. Soon, he starts chasing political ambitions.</plot>
  </movie>

  <movie>
    <title>All Is Well</title>
    <year>2015</year>
    <genre>Romance, Comedy, Drama</genre>
    <link>http://10.16.100.202/ftps10/iccftps10sasd3/Movies/Hindi/All%20Is%20Well%20(2015)%201080p%20WEBRip.mp4</link>
    <thumbnail>https://image.tmdb.org/t/p/w500/hsruH6BJCDy5ELSB7u9oZKryf2M.jpg</thumbnail>
    <fanart>https://image.tmdb.org/t/p/original/8ExGNeA74E5b9yT9yLJD2ET1mym.jpg</fanart>
    <plot>A road trip, undertaken by Rishi Kapoor and Abhishek Bachchan, is later joined by their mother.</plot>
  </movie>

  <movie>
    <title>Ardh</title>
    <year>2022</year>
    <genre>Drama, Comedy</genre>
    <link>http://10.16.100.202/ftps10/iccftps10sasd3/Movies/Hindi/Ardh%20(2022)%201080p%20WEBDL.mp4</link>
    <thumbnail>https://image.tmdb.org/t/p/w500/oLSgNq1rZw9pBxxfNV8fi5lK290.jpg</thumbnail>
    <fanart>https://image.tmdb.org/t/p/original/ow1w5xXA2bvkpgNgTUCjeKMerOd.jpg</fanart>
    <plot>Shiva struggles to become a mainstream actor in Mumbai despite being a theatre actor. With the help of his wife Madhu, he disguises himself as a transgender and begs for money to survive.</plot>
  </movie>

  <movie>
    <title>Article 15</title>
    <year>2019</year>
    <genre>Crime, Drama, Thriller</genre>
    <link>http://10.16.100.202/ftps10/iccftps10sasd3/Movies/Hindi/Article%2015%20(2019)%20720p%20WEBRip.mp4</link>
    <thumbnail>https://image.tmdb.org/t/p/w500/egknEWNt2B0slG2OC0gSpLZdVHj.jpg</thumbnail>
    <fanart>https://image.tmdb.org/t/p/original/wN5e6gMVBTEihohzFkuGyZGbDOw.jpg</fanart>
    <plot>A young IPS officer’s new posting in rural India has him confronting caste disparities and uncomfortable truths in the face of a gruesome crime. When three girls go missing in the fictional village of Lalgaon, two of them are found dead and there is no trace of the third one. Where is she and who is responsible for this heinous act?</plot>
  </movie>

  <movie>
    <title>Atkan Chatkan</title>
    <year>2020</year>
    <genre>Drama, Music</genre>
    <link>http://10.16.100.202/ftps10/iccftps10sasd3/Movies/Hindi/Atkan%20Chatkan%20(2020)%201080p%20WEBDL.mkv</link>
    <thumbnail>https://image.tmdb.org/t/p/w500/q8baBQYXAxdFykN7uXcgCJ0E5uP.jpg</thumbnail>
    <fanart>https://image.tmdb.org/t/p/original/1VUhE7vkTY16yJ71yA1wNXN1oeG.jpg</fanart>
    <plot>The story revolves around a 13 year old Guddu who works as a helper at a tea stall. His father, an ex musician is a penniless alcoholic, and his mother a singer has abandoned the family. Therefore, he has to take the responsibility of his family at a tender age. Music is his passion, he loves to observe, listen and create new tunes. On his daily chai delivery visits, he watches a wedding band practice keenly, completely losing the sense of time. He has a desire to join the band one day. Along with Guddu, the film also tells the tale of other street children who work near Guddu’s tea stall. One day while wandering in the city, they come across a carnival where they see an orchestra performing for money which inspires them to form their own band. Atkan Chatkan shows the dreams of millions of young children who do not have the means but only a burning passion that needs careful nurturing to grow and succeed in life.</plot>
  </movie>

  <movie>
    <title>Babli Bouncer</title>
    <year>2022</year>
    <genre>Comedy, Drama</genre>
    <link>http://10.16.100.202/ftps10/iccftps10sasd3/Movies/Hindi/Babli%20Bouncer%20(2022)%201080p%20WEBDL.mp4</link>
    <thumbnail>https://image.tmdb.org/t/p/w500/iX2vylrLdiiDBGaA3xhPobJp7dW.jpg</thumbnail>
    <fanart>https://image.tmdb.org/t/p/original/2yCvBerA21XiF52be0IYknw5a7z.jpg</fanart>
    <plot>A first-of-its-kind for her village, Babli takes up a bouncer's job to win over her love, leading to a series of funny and heart-warming events.</plot>
  </movie>

  <movie>
    <title>Baby</title>
    <year>2015</year>
    <genre>Action, Thriller</genre>
    <link>http://10.16.100.202/ftps10/iccftps10sasd3/Movies/Hindi/Baby%20(2015)%20720p%20BluRay.mp4</link>
    <thumbnail>https://image.tmdb.org/t/p/w500/5yezGgo37qmd6kDknZKFzbhT19b.jpg</thumbnail>
    <fanart>https://image.tmdb.org/t/p/original/39kYR86XoJId5RBtuYjZzkNQty1.jpg</fanart>
    <plot>A small nascent elite team of the Indian intelligence system perpetually strives to detect and eliminate terrorists and their plots. Officer Ajay leads his team to destroy one such potentially lethal ploy in their biggest operation yet.</plot>
  </movie>

  <movie>
    <title>Bajirao Mastani</title>
    <year>2015</year>
    <genre>History, Romance, Drama</genre>
    <link>http://10.16.100.202/ftps10/iccftps10sasd3/Movies/Hindi/Bajirao%20Mastani%20(2015)%20720p%20BluRay.mp4</link>
    <thumbnail>https://image.tmdb.org/t/p/w500/a3kM4CBTSI4NC8KYeSRJCh55liV.jpg</thumbnail>
    <fanart>https://image.tmdb.org/t/p/original/3AzXdOm4Ul4Q9rmge4Otu5hcXZ1.jpg</fanart>
    <plot>Peshwa Bajirao married to Kashibai, falls in love with Mastani, a warrior princess in distress. They struggle to make their love triumph amid opposition from his conservative family.</plot>
  </movie>

  <movie>
    <title>Barfi</title>
    <year>2012</year>
    <genre>Drama, Romance, Comedy</genre>
    <link>http://10.16.100.202/ftps10/iccftps10sasd3/Movies/Hindi/Barfi%20(2012)%20720p%20BluRay.mp4</link>
    <thumbnail>https://image.tmdb.org/t/p/w500/5cJIx2zKjDoUtPSliou23xsReb1.jpg</thumbnail>
    <fanart>https://image.tmdb.org/t/p/original/dVUBKQMehxVnEQMpcOPw3OQqNMF.jpg</fanart>
    <plot>The heartwarming tale of Barfi, a charming deaf-mute young man from 1970s Darjeeling, and two unalike women who can't help but fall for him.</plot>
  </movie>

  <movie>
    <title>Bhoothnath</title>
    <year>2008</year>
    <genre>Family, Comedy</genre>
    <link>http://10.16.100.202/ftps10/iccftps10sasd3/Movies/Hindi/Bhoothnath%20(2008)%201080p%20BluRay.mp4</link>
    <thumbnail>https://image.tmdb.org/t/p/w500/2Tvwmsu4ihzDiltXxPWI4RwTF3W.jpg</thumbnail>
    <fanart>https://image.tmdb.org/t/p/original/kozAnxdmJLgAux008LztplzhHy1.jpg</fanart>
    <plot>Banku, his mother, Anjali Sharma and father move in to their new house -- the Nath villa, unaware of the fact that the house is inhabited by a ghost. It is learnt the ghost is not too happy with his new housemates. But what the ghost is not prepared for is his unlikely friendship with Banku. Now Banku must uncover the reason why his ghostly friend is stuck and help him to attain salvation.</plot>
  </movie>

  <movie>
    <title>Bol Bachchan</title>
    <year>2012</year>
    <genre>Comedy, Action</genre>
    <link>http://10.16.100.202/ftps10/iccftps10sasd3/Movies/Hindi/Bol%20Bachchan%20(2012)%201080p%20BluRay.mkv</link>
    <thumbnail>https://image.tmdb.org/t/p/w500/9k3qk8dmvawAWE34MpRAWkfwnKJ.jpg</thumbnail>
    <fanart>https://image.tmdb.org/t/p/original/7YT1pHBF9B7Q7KgDLLJrJRyddVj.jpg</fanart>
    <plot>Abbas Ali (Abhishek Bachchan) lives in Chandni Chowk, New Delhi with his sister Sania (Asin Thottumkal). They are legally fighting for an ancestral property— land case. But the odds turn against them and they lose. Their well wisher, Shastri Chacha, advises and convinces them to migrate to his village Ranakpur where he assures Abbas that he will get him a job at his owner's place. The owner being none other than the powerful Prithviraj Raghuvanshi (Ajay Devgn). Abbas enters Ranakpur village and while saving a child trapped inside a temple, he breaks open the lock of an ancestral temple but fate plays an important twist in Abbas' life as the whole village including Prithviraj's step-brother Vikrant opposes Abbas' actions but Prithviraj arrives and handles the situation.</plot>
  </movie>

  <movie>
    <title>Chor Machaaye Shor</title>
    <year>2002</year>
    <genre>Comedy</genre>
    <link>http://10.16.100.202/ftps10/iccftps10sasd3/Movies/Hindi/Chor%20Machaaye%20Shor%20(2002)%201080p%20WEBDL.mkv</link>
    <thumbnail>https://image.tmdb.org/t/p/w500/zZtRVP9lnCzoqajWYIHYKBGX3mb.jpg</thumbnail>
    <fanart>https://image.tmdb.org/t/p/original/4SVXbiGGPjr9o2nZu79ayh8kgR8.jpg</fanart>
    <plot>After serving a two-year stretch in the slammer, thief Shyam Singh (Bobby Deol) returns to his secret hiding place to retrieve a priceless stolen diamond, only to discover that the site has become a police precinct. To gain entry, Shyam masquerades as a cop but soon arouses the suspicions of a fellow officer (Om Puri). Director David Dhawan's action comedy also stars Bipasha Basu, Paresh Rawal and Shilpa Shetty.</plot>
  </movie>

  <movie>
    <title>Commando</title>
    <year>2013</year>
    <genre>Action, Thriller</genre>
    <link>http://10.16.100.202/ftps10/iccftps10sasd3/Movies/Hindi/Commando%20(2013)%201080p%20BluRay.mkv</link>
    <thumbnail>https://upload.wikimedia.org/wikipedia/en/d/d4/Commando_%282013_film%29.jpg</thumbnail>
    <fanart>https://upload.wikimedia.org/wikipedia/en/d/d4/Commando_%282013_film%29.jpg</fanart>
    <plot>Letting it all hang out is not without risk. Entry in the Four4 Very Short Horror Film Competition, 2013.</plot>
  </movie>

  <movie>
    <title>Coolie No 1</title>
    <year>2020</year>
    <genre>Comedy, Drama</genre>
    <link>http://10.16.100.202/ftps10/iccftps10sasd3/Movies/Hindi/Coolie%20No%201%20(2020)%201080p%20WEBDL.mkv</link>
    <thumbnail>https://image.tmdb.org/t/p/w500/ahkaPWW2SU9AaDhpD31phQKhTtT.jpg</thumbnail>
    <fanart>https://image.tmdb.org/t/p/original/bNixlnIPYJCXFPo7voIVCaNCXa5.jpg</fanart>
    <plot>Insulted by Rosario, a rich businessman, Jai Kishen a Matchmaker teaches him a lesson by getting his daughter married to Raju, a Coolie, who poses to be a millionaire. They sense something fishy and Raju's deceptions are discovered. In an attempt to cover it up, he cooks up a story of having a filthy rich twin. One lie leads to another and things start to go awry culminating in a comedy of errors.</plot>
  </movie>

  <movie>
    <title>Deadline Sirf 24 Ghante</title>
    <year>2006</year>
    <genre>Crime, Drama</genre>
    <link>http://10.16.100.202/ftps10/iccftps10sasd3/Movies/Hindi/Deadline%20Sirf%2024%20Ghante%20(2006)%201080p%20WEBRip.mp4</link>
    <thumbnail>https://image.tmdb.org/t/p/w500/v41PRO3MrbDdgGj10Pxnh5dLOJ6.jpg</thumbnail>
    <fanart>https://image.tmdb.org/t/p/original/tSjQCcfodtEVoomaQhjLacBe09p.jpg</fanart>
    <plot>Heart surgeon Dr. Viren Goenka, his wife Sanjana and their seven-year-old daughter Anishka live in Mumbai. Their joys have just multiplied with Viren being honored with a prestigious award for his contribution to the medical world. Viren is all set to visit New Delhi to receive this award. He promises to celebrate his daughter's birthday once he returns. But fate has something else planned for Viren and his family: Anishka is kidnapped under Sanjana's nose. She is startled with the presence of a creepy man named Krish in her house. Krish tells her that Anishka will be fine as long as Sanjana and Dr. Goenka follow his instructions.</plot>
  </movie>

  <movie>
    <title>Delhi 6</title>
    <year>2009</year>
    <genre>Drama</genre>
    <link>http://10.16.100.202/ftps10/iccftps10sasd3/Movies/Hindi/Delhi%206%20(2009)%201080p%20BluRay.mkv</link>
    <thumbnail>https://image.tmdb.org/t/p/w500/52raGhYfU3oM25imWZFZnQ16XZI.jpg</thumbnail>
    <fanart>https://image.tmdb.org/t/p/original/651jsqXQNA8VTweqOnyoWi0I2DY.jpg</fanart>
    <plot>Roshan, an NRI, arrives in Old Delhi with his ailing grandmother and starts to rediscover himself before getting caught in a religious dispute that shakes the once peaceful neighborhood.</plot>
  </movie>

  <movie>
    <title>Dhoom 3</title>
    <year>2013</year>
    <genre>Action, Crime</genre>
    <link>http://10.16.100.202/ftps10/iccftps10sasd3/Movies/Hindi/Dhoom%203%20(2013)%20720p%20BluRay.mp4</link>
    <thumbnail>https://image.tmdb.org/t/p/w500/rUVTM5EQUQ2I0fcfE46AkvBYWae.jpg</thumbnail>
    <fanart>https://image.tmdb.org/t/p/original/3SmbEb7T2Ypg5vBwLflLeVXkkQ1.jpg</fanart>
    <plot>To avenge his father's death, a circus entertainer trained in magic and acrobatics robs banks to take down a corrupt bank owner. Two cops from Mumbai are assigned to the case.</plot>
  </movie>
</movies>
