<?xml version="1.0" encoding="UTF-8" standalone="yes"?>
<addon id="plugin.video.Github"
       name="Movies Club"
       version="1.0.0"
       provider-name="Created.by Mr Habib">
  
  <requires>
    <import addon="xbmc.python" version="3.0.0"/>
  </requires>

  <extension point="xbmc.python.pluginsource"
             library="main.py">
    <provides>video</provides>
  </extension>

  <extension point="xbmc.addon.metadata">
    <summary lang="en">Plays movies from local XML files</summary>
    <description lang="en">A simple addon to read XML playlists stored in the resources/lib folder.</description>
    <platform>all</platform>
    <license>GPL-2.0-or-later</license>
    <assets>
        <icon>resources/lib/icon.png</icon>
        <fanart>resources/lib/fanart.jpg</fanart>
    </assets>
  </extension>
</addon>