<?xml version="1.0" encoding="UTF-8" standalone="yes"?>
<addon id="plugin.video.mymovieaddon"
       name="My Custom Movies"
       version="1.0.0"
       provider-name="YourName">
    <requires>
        <import addon="xbmc.python" version="3.0.0"/>
    </requires>
    <extension point="xbmc.python.pluginsource"
               library="default.py">
        <provides>video</provides>
    </extension>
    <extension point="xbmc.addon.metadata">
        <summary lang="en">A custom video addon to play movies from an XML file.</summary>
        <description lang="en">This addon reads movie data from a remote XML file and displays them in Kodi.</description>
        <disclaimer lang="en"></disclaimer>
        <platform>all</platform>
        <assets>
            <icon>icon.png</icon>
            <fanart>fanart.jpg</fanart>
        </assets>
    </extension>
</addon>